{
  "Happy": [
    {"title": "Happy Song", "artist": "Artist A", "url": "https://www.soundhelix.com/examples/mp3/SoundHelix-Song-1.mp3"}
  ],
  "Sad": [
    {"title": "Sad Tune", "artist": "Artist B", "url": "https://www.soundhelix.com/examples/mp3/SoundHelix-Song-2.mp3"}
  ],
  "Energetic": [
    {"title": "Energy Blast", "artist": "Artist C", "url": "https://www.soundhelix.com/examples/mp3/SoundHelix-Song-3.mp3"}
  ],
  "Calm": [
    {"title": "Calm Breeze", "artist": "Artist D", "url": "https://www.soundhelix.com/examples/mp3/SoundHelix-Song-4.mp3"}
  ]
}
